Romanian,English
de,of
nu,not
să,to
o,a
a,of
e,e
ce,what the
am,I have
şi,and
în,in the
la,to
că,that
pe,on
cu,with
un,a
mai,May
te,yourself
ai,you
asta,to stay
pentru,for
ca,that
sunt,are
da,Yes
bine,good
mă,me
este,It is
sa,to
se,it
dar,but
din,from
aici,here
care,which
i,and
eu,I
fi,be
si,and
fost,former
trebuie,must
ar,would
dacă,if
va,will
tu,you
cum,How
aşa,so
acum,now
mi,ml
au,have
eşti,you
ne,us
ceva,something
l,it
mine,me
tine,YOU
vă,yourself
doar,only
lui,his
când,When
in,in the
el,he
îmi,I
pot,can
cred,I guess
unde,where
poate,may be
voi,Vol
ei,They
mea,my
face,do what
ţi,and
ştiu,know
vreau,I want
meu,my
vrei,want
spus,SAPS
acolo,there
tot,all
foarte,very
mult,a lot
le,they
bună,Hi
faci,do
sau,or
chiar,even
nici,neither
noi,we
nimic,nothing
pare,seems
era,It was
ta,your
despre,about
cine,who
are,It has
ea,she
ştii,Know
fac,do
ma,me
făcut,made
rog,PLEASE
îţi,you
fie,or
putea,can
rău,bad
al,of
spun,I say
trebui,have
poţi,you may
haide,Come on
nevoie,need
atunci,then
avem,we
mulţumesc,thanks
prea,too
tău,your
aş,I would
spune,say
îl,him
timp,time
după,after
ani,years
cineva,someone
domnule,mister
vor,will
vom,we will
îi,him
hei,Hey
bun,good
vei,you
ăsta,to stay
vrea,like
oh,Oh
cel,the
stai,stay
toate,all
asa,so
mare,big
suntem,WE
sigur,sure
crezi,believe
esti,you
hai,let's
totul,all
până,until
venit,income
cât,How
iar,and
deci,so
spui,say
aţi,you
place,like
mergem,Go
avea,have
încă,yet
văzut,seen
daca,if
regulă,rule
naiba,heck
niciodată,never
atât,so much
mama,mother
acest,this
putem,can
fel,kind
fără,free
vezi,see
avut,HAD
uite,look
nimeni,no one
fii,sons
puţin,little bit
decât,than
văd,I'm seeing
aia,that
ia,takes
loc,place
jos,down
toţi,all
toată,all
unul,one
astea,these
prin,through
facem,we make
ti,you
ceea,EAEC
lumea,the world
zi,day
oameni,people
lucru,working
înainte,before
dat,given
acasă,the home
apoi,then
nişte,some
întâmplat,happen
stiu,know
timpul,time
vino,come over
auzit,heard
doi,two
fiu,son
multe,many
nou,new
oamenii,people
fiecare,every
doamne,gosh
două,two
cei,the
om,man
orice,anything
dle,Mr.
peste,over
duc,lead
numele,name
cea,the
trei,three
gata,ready
ok,K
omule,man
înapoi,back
numai,no more
bani,money
luat,taken
repede,quick
viaţa,life
zis,said
lor,their
vedem,we see
mele,my
merge,go
dau,give
ziua,day
vin,wine
grijă,care
una,one
parte,part
serios,seriously
vrut,WANTED
afară,outside
vine,it's coming
vorbesc,I'm talking
noapte,night
fata,face
cam,about
dintre,from
eram,we were
imi,I
aproape,close
stii,Know
deja,already
dată,date
această,This one
sunteţi,you
casa,House
destul,enough
adevărat,TRUE
singur,single
iau,I take
locul,the place
cand,When
banii,the money
ori,or
spre,to
câteva,some
iubesc,I love
nostru,our
seara,in the evening
ăla,that
tale,your
prima,received
imediat,immediate
ajuns,made
dracu,hell
tatăl,father
înseamnă,means
tata,father
ştie,know
exact,exact
azi,today
găsit,finder
aceasta,This one
scuze,Sorry
copii,BOYS
drumul,the road
simt,sense
acesta,this
buna,Hi
poti,you may
treaba,the job
terminat,completed
partea,the
noastră,Our
dumnezeu,God
lucruri,things
întâmplă,happen
târziu,Late
plec,I am leaving
as,I would
trebuia,had
frumos,beautiful
sus,up
zile,days
mie,thousand
tocmai,just
multumesc,thanks
tată,father
mereu,always
dreptate,justice
aveţi,you have
adică,namely
mâine,tomorrow
putut,could
mei,my
fapt,fact
aşteaptă,Wait
tare,loud
dai,you
dumnezeule,Dear good
unui,a
plecat,gone
trecut,last
facă,make
probabil,probable
pierdut,lost
lucrurile,the things
măcar,even
mamă,mother
cele,the
dvs,you
păi,Well
departe,far away
sub,under the
început,beginning
viaţă,life
minute,minutes
împreună,together
există,there is
aceea,that
data,date
sper,hope
crezut,thought
ba,nay
minunat,wonderful
vreo,some
problema,problem
murit,DIED
duci,go
femeie,woman
vorba,words
facut,made
băieţi,boys
tipul,type
înţeleg,I see
erau,They were
ajutor,help
ale,of
merg,go
camera,the room
rau,bad
mort,dead
poftim,here you go
înţeles,meaning
greu,hard
vii,are you coming
iti,you
desigur,Of course
vorbeşti,talk
rahat,bullshit
ul,the
noaptea,the night
idee,idea
ati,you
griji,worry
vedea,see
trebuit,had
ultima,last
dus,shower
primul,the first
bune,good
îşi,their
aceste,these
ajunge,that's enough
întotdeauna,ever
noastre,our
ascultă,listen
iei,take
mergi,go
simţi,feel
copil,child
duce,lead
seama,out
tip,type
pus,put
cap,head
credeam,I thought
lume,world
ochii,the eyes
salut,Hello
oricum,anyway
probleme,problems
adus,brought
dl,Mister
ajuta,it helps
n,n
tau,your
maşina,car
cer,heaven
pune,put
faceţi,make
uitat,forgotten
zici,about
moment,time
cauza,Cause
dolari,USD
cunosc,know
dragă,Dear
pic,bit
faţă,face
alo,Hello
taci,remain silent
problemă,problem
lua,take
gândit,thought
vreodată,ever
faţa,face
odată,once time
ele,they
mulţi,many
ciudat,strange
ore,hours
viata,life
dupa,after
s,S
unei,of a
joc,game
veni,come
casă,House
luni,months
vorbim,talk
fată,face
între,between
pleacă,leaves
altceva,something else
grozav,that's great
maşină,car
fiul,sonny
crede,believe
il,it
puteţi,you can
prieten,friend
pleci,leave
uşor,Easy
prins,caught
omul,the man
corect,correct
cinci,five
telefon,phone
mâna,hand
patru,four
stau,stay
ora,hour
ales,chosen
bucur,joy
lângă,by
fratele,brother
doamnă,Ms
câte,by
doua,two
urmă,follow
familia,the family
pun,put
frumoasă,beautiful
domnul,Mr
pace,peace
auzi,hear
cale,way
înţelegi,understand
altă,other
vorbit,spoken
important,important
revedere,revision
aveam,I used to have
prieteni,friendship
fă,Make
singură,one
toti,all
siguranţă,safety
încercat,tried
inima,heart
capul,head
simplu,simple
putin,little bit
mersi,thanks
jack,jack
john,John
vina,fault
chestia,the thing
drum,road
spate,back
ii,yl
oraş,Town
lăsat,dropped off
mic,little
las,coward
ştiţi,KNOW
veţi,will you
bărbat,man
zic,say
acord,agreement
plecăm,leave
uita,forget
treabă,the job
noroc,luck
ieşi,go out
dimineaţa,morning
arată,to miss
încredere,trust
prietenul,the friend
frate,brother
nebun,crazy
plac,liking
pleca,leave
curând,soon
dr,Dr.
ucis,murdered
minte,mind
apă,the water
sã,to
vreţi,want
pasă,pasha
pui,chicken
singura,one
pa,bye
vorbi,TALK
întorc,return
nouă,nine
soţia,wife
vazut,seen
mari,big
asemenea,also
primit,received
aduc,bring
deloc,not at all
alte,other
tăi,thy
ţine,keep
caz,case
parcă,park
întoarce,turn
încearcă,try
către,by
sta,stay
sunat,call
acel,that
nume,name
aud,I hear
spatele,the back
perfect,perfect
ajut,i help
întors,returned
acela,that
niciodata,never
haideţi,come on
ştiam,I knew
rămâne,remain
întâmpla,happen
fara,free
buni,Top
naibii,hell
vreme,times
pana,until
domnilor,gentlemen
fericit,happy
singurul,the only one
contează,counts
astăzi,today
niste,some
an,year
draga,Dear
drăguţ,cute
începe,you start
ăştia,these
copiii,the kids
numărul,number
afara,outside
trimis,Submitted
erai,you were
doamna,Ms
the,the
nicio,any
abia,only
alt,other
încerc,try
urma,follow
înăuntru,in
prost,dumbass
gura,the mouth
lăsa,leave
găsi,find
alea,those
mâinile,hands
astfel,so
mică,small
vad,I'm seeing
cumva,perhaps
legătură,link
uşa,door
gândesc,I think
new,new
rămas,remaining
ştim,stimulus
copilul,the child
regula,rule
vreun,any
adevărul,truth
foc,fire
deschide,open
undeva,somewhere
sun,call
întreb,I'm asking
familie,family
zice,say
inca,yet
mod,mode
drept,Right
moarte,death
altfel,otherwise
toata,all
vină,guilt
oră,hour
arăţi,show
restul,restore
cunoscut,known
jumătate,half
amintesc,remember
sora,sister
intrat,entered
devreme,early
jur,around
arma,weapon
cazul,case
fim,be
cheamă,call
cat,How
împotriva,against
ah,Ah
acea,that
luăm,take
frică,fear
lasă,leave
asupra,on
voastră,your
poliţia,the police
vrem,WANT
dumneavoastră,your
milioane,MILLION
scris,written
întâi,first
găsesc,I find
unu,one
reuşit,successful
acelaşi,same
vadă,will give
amice,pal
mers,walking
amândoi,both
dă,Yes
fugi,run
sfârşit,the end
ultimul,last one
vorbeşte,speaks
dimineaţă,morning
intră,get in
pat,bed
uit,look
fiica,daughter
exista,there is
posibil,possible
motiv,reason
apa,the water
dragoste,love
treci,Skip
genul,kind
său,or
pământ,earth
băiat,boy
stat,state
gând,thinking
sună,sounds
femei,Ladies
tuturor,all
ci,but
dracului,hell
aduce,bring
bineînţeles,of course
arăt,show
felul,the kind
prietenii,friends
trage,shoot
prietene,friend
multă,much
sunteti,are
sigură,secure
dea,give
ochi,eyes
film,movie
niciun,none
momentul,time
joe,thursday
război,war
iubito,honey
omorât,killed
plăcere,pleasure
echipa,team
trece,pass
devenit,became
plăcut,pleasant
moartea,the death
şcoală,school
scrie,write
totuşi,however
ştiut,knew
acasa,the home
muri,die
schimbat,change
intra,get in
îti,you
grija,care
frank,frank
george,George
liber,free
amuzant,funny
ajung,get
doctor,doctor
masina,car
sam,Sat.
altcineva,someone else
laşi,leave
picioare,legs
sânge,blood
direct,direct
petrecere,party
ţie,to you
staţi,stay
sînt,are
cameră,the room
voie,will
charlie,Charlie
ieri,yesterday
pur,pure
viitoare,upcoming
normal,normal
greşit,wrong
mor,I am dying
şase,six
persoană,the person
traducerea,the translation
aştept,look
special,special
toţii,all
atat,both
fiule,sonny
cerut,asked for
atâta,so much
anul,the year
unii,some
sex,sex
lovit,hit
aer,air
povestea,the story
omor,murder
ideea,idea
minut,minute
ieşit,exit
aminteşti,remember
săptămâni,wEEKLY
afla,find out
uneori,sometimes
faptul,the fact
domnului,Mr.
mâncare,food
york,york
tom,tome
stie,know
spună,tell
dori,like
băiete,boy
aibă,have
şansă,chance
doctore,doctorate
aflat,found
seară,in the evening
asculta,listen
michael,michael
atent,careful
zece,ten
dăm,give
munca,the work
soţul,husband
alta,other
uiţi,look
clar,clear
obicei,custom
plus,addition
caut,I search
aminte,memory
afaceri,business
veniţi,coming
cafea,coffee
decat,than
david,Davide
plăcea,like
dragostea,love
inainte,before
ceilalţi,the others
cunoşti,know
dreapta,right
gură,the mouth
oricine,anybody
aduci,bring
prietena,girlfriend
muncă,the work
trecută,last
ordine,order
priveşte,look
aveti,you have
încât,that
noua,nine
spital,hospital
celor,the
promit,I promise
şti,know
gândeam,thinking
cui,nail
foame,hunger
intre,between
gândeşti,think
întâlnit,meeting
băiatul,boy
rămâi,stay
sale,its
lucrez,I'm working
doamnelor,Ladies
vroiam,I wanted
uh,ugh
poveste,story
hey,hey
cartea,book
puterea,the power
anume,certain
crăciun,Christmas
învăţat,learned
m,m
fete,girls
rost,sense
puternic,strong
termină,finish
c,c
luptă,the fight
găsim,find
mamei,mother
mână,hand
sincer,sincere
fiţi,be
lupta,the fight
complet,completely
însă,but
opri,stop
voiam,wanted
închisoare,prison
lumina,the light
mii,THOUSAND
pregătit,prepared
masa,table
mike,Mike
ţii,keep
dreptul,the right
biroul,the desk
femeia,woman
acestea,these
plece,GO OF
super,Super
speriat,scared
fundul,ass
întrebat,questioned
schimb,change
oamenilor,people
femeile,the women
vedeţi,see
pai,Well
carte,book
bravo,Bravo
fiindcă,because
clipă,moment
întrebare,question
dispărut,missing
stă,stands
încerca,try
furat,stealing
intamplat,happen
suna,sounds
fetele,girls
urăsc,I hate
încerci,try
adevarat,TRUE
tati,Daddy
dimineata,morning
dormi,are you sleeping
dor,longing
iisuse,Jesus
absolut,absolute
cauţi,look
stare,condition
ţin,I hold
ajutorul,help
atenţie,Careful
părinţii,the parents
vechi,old
oraşul,the city
baie,bathroom
you,you
săptămână,week
adaptarea,the adaptation
vostru,your
omoare,kill
ucide,kill
intampla,happen
ies,out
america,America
telefonul,phone
puteam,could
citit,read
nenorocit,wretched
căpitane,captain
ajute,help
negru,black
spunem,tell
regele,The King
întâlnire,meeting
vremea,the weather
slujba,job
luaţi,take
personal,personal
www,www
arata,to miss
luna,month
noştri,our
bea,drink
unele,some
accident,accident
ăia,that
câine,dog
mici,sMALL
schimba,change
caută,search for
spuneţi,tell
masă,table
ro,EN
harry,harry
continuă,keep going
bob,grain
adevăr,truth
inapoi,back
zona,area
băut,drinking
află,find out
mori,die
stea,star
secunde,seconds
folosit,used
nebunie,madness
ala,that
scumpo,sweetheart
uită,forget
teamă,the fear
tai,your
linişte,Quiet
totdeauna,always
câştigat,win
aceeaşi,same
birou,office
oară,time
ajungem,get
doresc,I want
credeţi,think
pierde,lose
cina,dinner
suficient,sufficient
arme,arms
secret,secret
meargă,go
drăguţă,sweetheart
dv,your
paul,Paule
spunea,said
simţit,sense
fund,background
picioarele,legs
plan,plan
plin,full
întrebări,question
mesaj,message
mda,yes
şeful,head
salvat,saved
cã,that
doare,it hurts
plecaţi,Depart
precum,like
jimmy,jimmy
trimite,send
ajungi,get
ben,well
vedere,view
continua,keep going
vieţii,life
muzica,the music
termina,finish
lasa,leave
poliţie,police
simte,feels
jurul,around
încoace,here
intru,enter
promis,promise
cealaltă,other
vede,sees
altul,another
încet,slow
putere,power
săptămâna,week
avion,plane
întorci,return
alături,together
oprit,torn off
băieţii,boys
lună,month
lucrat,wrought
mary,Maryse
găseşti,find
lumii,world
asteapta,Wait
aur,gold
noastra,Our
închis,closed
tatal,FATHER
ha,Ha
scoate,take out
cuvânt,word
crescut,grown
răspunde,reply
cere,ask
doctorul,doctor
ocup,deal
ocupat,busy
căzut,fell
imposibil,impossible
potrivit,right
deschis,open
calea,path
tatălui,father
d,d
începem,Started
micul,Breakfast
planul,the plan
voastre,your
omori,kill
joci,play
gasit,finder
james,James
general,general
fericită,happy
henry,henry
câţiva,a few
ajuţi,help
presupun,I suppose
interesant,interesting
chestii,things
peter,peter
deasupra,on top
multi,many
vorbesti,talk
aceşti,these
câţi,how many
prinde,catch
printre,through
noul,the new
atinge,achieve
mintea,minds
max,MAX
întreaga,around
control,control
pierd,lose
cuvinte,wORDS
unchiul,the uncle
hotel,hotel
poliţist,policeman
acestui,this
slujbă,work
simti,feel
sufletul,soul
folosi,use
deoarece,because
tem,fear
trec,I pass
rând,row
mişcă,move
conduce,lead
echipă,team
situaţia,the situation
minunată,wonderful
celălalt,the other one
încep,start
fiind,being
stăm,stay
periculos,dangerous
acestei,this
faceti,make
trag,shoot
vis,dream
bere,beer
dna,Ms
lucrezi,You work
armă,weapon
opt,eight
rapid,fast
ºi,and
petrece,spend
nord,north
acele,those
par,hair
lucrează,work
rece,cold
iubeşti,love
b,b
tras,fired
droguri,drugs
păcat,sin
iubit,beloved
incredibil,incredible
stânga,Left
billy,billy
născut,born
faca,make
succes,success
prostii,Nonsense
rănit,injured
alb,white
serviciu,service
jocul,the game
conduc,I am driving
rămân,remain
greşeală,mistake
oare,really
strada,the street
fetelor,girls
american,American
frumoasa,beautiful
evident,obvious
morţi,dead
răspuns,answer
punct,point
exemplu,example
usor,Easy
puteti,you can
trăiesc,I'm alive
usa,door
scăpat,got rid
na,N/A
mergeţi,go
domnişoară,Ms.
câteodată,sometimes
pericol,danger
of,of
întoarcem,return
bill,Billie
ray,ray
felicitări,congratulations
mâncat,eat
persoane,people
închide,hang up
vorbească,speak
eddie,eddie
cină,dinner
legătura,link
sud,south
aflu,find
scos,out
folosesc,use
idiot,idiotic
iubire,love
bate,beat
împuşcat,gun
corpul,the body
interesează,AFFECTING
înţelege,understand
punem,we
primi,receive
rea,bad
metri,Metra
diseară,tonight
scot,out
baieti,boyish
fugit,FLED
alex,Alexi
johnny,johnny
cuvântul,the word
numesc,call
ţară,the country
scuzaţi,excuse
pierzi,You lose
arăta,to miss
armata,army
macar,even
viitor,future
atac,attack
nick,nick
distrus,destroyed
frumoase,beautiful
şapte,seven
ţara,the country
moară,mill
permite,Enable
nenorocitule,motherfucker
sergent,sergeant
proastă,stupid
piciorul,leg
mişca,move
maine,tomorrow
adica,meaning
opreşte,stops
dorit,wanted
zilele,days
sfârşitul,end
aştepta,wait
hainele,the clothes
plătit,paid
deveni,become
supărat,angry
and,and
paris,Paris
tânăr,young man
întâmple,happen
rege,king
apărut,published
plină,full
port,I'm wearing
daţi,give
diferit,different
sir,row
persoana,the person
frica,fear
sosit,arrive
adevărată,TRUE
intri,get
trimit,send
întâlnim,meet
grămadă,heap
bolnav,sick
jim,jim
mami,Mommy
aştepţi,wait
părul,the hair
afacere,business
ajutat,helped
chestie,stuff
inseamna,means
oriunde,anywhere
aseară,last night
trezit,woken up
uşă,door
aşteptaţi,wait
final,final
tony,tony
baza,the base
glumeşti,You're kidding
secundă,second
armele,the weapons
sens,sense
aruncat,threw
minţi,lying
petrecerea,party
okay,Okaya
veti,will you
încetează,ends
moartă,dying
privire,look
decis,determined
beau,I drink
cadou,gift
tarziu,Late
t,t
cheia,the key
plătesc,I pay
singuri,themselves
mişto,cool
or,hours
mica,small
grea,tough
avocat,lawyer
deranjează,disturb
lăsăm,leave
crimă,crime
familiei,Family
marea,the sea
alţii,others
vorbă,words
mr,Mr
cumpărat,bought
cal,horse
companie,company
numit,appointed
depinde,depends
sistemul,the system
marele,great
sint,are
san,breast
merită,deserve
locuri,seats
filmul,the movie
sângele,blood
părea,look
soldat,soldier
joacă,play
următorul,next
ştiai,you know
doilea,second
sarah,sarah
semn,signal
poartă,gate
bobby,bobby
suni,call
petrecut,spent
pariu,bet
stiti,know
ducem,take
bărbaţi,Barbie
apropo,by the way
propria,own
magazin,store
nimănui,anyone
mulţumim,thank you
placă,plate
bătut,beaten
ultimele,latest
glumă,joke
carne,meat
excelent,excellent
jake,Jake
părinte,parent
dorm,I'm sleeping
agent,agent
onoare,honor
ceai,what do you have
porţi,GATES
londra,London
avionul,the airplane
respect,respect
devine,gets
uitaţi,Remember
pari,you seem
don,don
real,real
ascuns,hidden
inceput,beginning
mănâncă,EATING
ştia,knew
sotia,wife
est,east
iesi,out
preşedinte,chairman
întârziat,delayed
lăsaţi,flabby
pas,step
huh,huh
tv,tv
cateva,some
viitorul,the future
des,frequently
doreşti,want
bătrân,old
majoritatea,most of them
to,to
radio,radio
ceasul,the clock
zbor,flight
richard,Richard
primesc,I'm getting
danny,danny
chemat,called
nicăieri,nowhere
prezint,present
surpriză,surprise
capăt,end
iubeşte,loves
iubitule,boyfriend
diferite,differently
părăsit,leave
câinele,dog
scriu,write
pământul,earth
mijlocul,middle
oras,Town
scrisoare,letter
obosit,tired
steve,patience
compania,company
cuiva,ANYONE
întrebi,ask
curat,clean
trăi,live
jucat,played
baltă,puddle
informaţii,information
vreti,want
descoperit,found
tommy,Tommy
aveai,had
părere,opinion
urât,ugly
mana,hand
trecem,get
dragul,darling
războiul,the war
clasa,class
cheile,keys
inteleg,understand
ului,community
termin,finish
dulce,sweet
ajungă,reach
charles,Charles
aşteptăm,we are waiting
spectacol,show
vi,vi
iată,there it is
deşi,although
dans,dance
unchiule,uncle
juca,play
habar,idea
nava,vessel
stop,Stop
cînd,when
celelalte,other
odata,once time
haine,clothes
impreuna,together
căpitanul,the captain
rândul,row
bar,bar
stradă,the street
nebună,madwoman
focul,fire
hmm,hmm
indiferent,indifferent
sute,HUNDREDS
pasa,pasha
bei,bey
săturat,saturating
filme,movie
regina,Queen
sti,know
frig,cold
funcţionează,working
linia,the line
veche,old
doriţi,want
prostie,folly
afacerea,business
urmează,it follows
pt,for
observat,noticed
iese,out
lista,list
com,com
dnă,Ms
voia,will
legat,tied up
alege,choose
mulţime,LOT
aşteptat,waiting
club,club
ni,us
încercăm,we try
dra,Miss
prietenă,girlfriend
puţină,some
dejun,breakfast
mănânci,eat
adresa,Address
ruşine,shame
ieşim,out
legea,the law
şcoala,school
apropie,COMING
oferit,given
devin,are
tragi,shoot
număr,number
mâncarea,the food
misiune,mission
it,it
inteles,meaning
preşedintele,President
scoala,school
isi,their
prind,catch
mutat,moved
cald,warm
limba,language
explic,explain
cărţi,books
punctul,the point
bunica,grandmother
fa,do
ajută,it helps
purta,BEHAVE
milion,million
ascult,listen
tipii,yell
j,j
grup,group
recunosc,Recognize
vest,west
soarele,sun
ascultaţi,listen
mingea,the ball
idiotule,idiot
importantă,importance
stiam,I knew
asculţi,listen
rupt,torn
numeşte,called
distruge,destroy
iad,hell
lungă,long
vreodata,ever
centrul,the center
ducă,lead
miroase,smells
datoria,duty
aveau,had
vocea,the voice
târfă,slut
salva,save
pleaca,leaves
nenorocitul,wretched
căutat,looked up
unite,United
credem,think
sala,Hall
norocos,lucky
ascunde,hide
lucra,work
acuma,now
siguranta,safety
descurc,handle
întâlnesc,meet
lumină,the light
omorî,kill
opresc,stop
p,p
apartamentul,apartment
ţinut,land
arestat,custody
nă,N/A
tipi,guys
tara,the country
începi,start
jane,jane
atâtea,many
afli,are
poarta,gate
câştiga,win
veşti,news
soţie,wife
total,total
rahatul,the shit
apare,appear
pahar,glass
controlul,control
invitat,guest
regulile,rules
vârsta,age
taxi,taxi
groaznic,terrible
ratat,lame duck
animale,animated
lung,long
lee,lee
rugat,asked
îndrăgostit,lover
motivul,the reason
inimă,heart
verde,green
profesor,professor
lucrul,working
meci,match
stricat,broken
intotdeauna,ever
scurt,short
chestiile,things
gândi,think
robert,robert
larry,larry
stim,We know
plăcută,pleasant
aşteptam,we are waiting
bătaie,beat
distractiv,entertaining
discutăm,discuss
căsătorit,married
unor,of
asigur,assure
bărbaţii,men
maria,increase
citesc,I read
continuare,continuation
iubirea,love
dispari,get lost
ridicol,ridiculous
trăieşti,live
angajat,employee
will,WILLIAM
gol,naked
adu,get
durere,pain
făcea,was
nunta,Wedding
perfectă,perfect
mark,MARKOS
ofiţer,officer
oprim,stop
dragule,dear
mişcare,motion
bem,we drink
chris,Chris
casei,house
scape,escape
trăieşte,lives
cuvintele,words
plimbare,walk
picior,foot
bunicul,the grandfather
dincolo,beyond
propriul,own
formă,form
roşu,Red
conduci,lead
superi,upset
fierbinte,hot
mândru,proud
jerry,jerry
trenul,the train
acelasi,same
viu,alive
morţii,death
comanda,command
hotărât,decided
iasă,out
nr,No.
km,km
minţit,lied
luam,take
maşini,machinery
dormit,sleep
somn,sleep
călătorie,travel
cunoştinţă,acquaintance
plăti,payment
aruncă,throws
cunoaşte,know
muzică,the music
criminal,criminal
haideti,come on
mâini,hands
jucăm,play
legatura,link
plecam,leave
uşurel,gently
erou,hero
favoare,favor
animal,animal
li,them
vinovat,guilty
mã,me
puternică,strong
păţit,suffered
banca,the bank
băgat,involved
clipa,moment
problemele,problems
yeah,yes
misiunea,mission
spuneam,said
mănânc,eat
convins,convinced
vorbeam,talking
necesar,necessary
moare,dies
adam,adamant
isuse,Jesus
părut,thought
schimbă,change
thomas,thomas
mile,miles
creat,made
intraţi,come in
urcă,get on
trăiască,live
barbat,man
public,public
energie,energy
dura,last
vinde,sell
pistolul,gun
bat,knock on
următoarea,following
suflet,soul
lase,leave
teren,ground
puteai,could
vorbeste,speaks
trăit,lived
cont,account
chem,call
grozavă,great
cutie,box
pauză,pause
guvernul,government
uri,hate
pună,Puna
răspunsul,the answer
copiilor,children
intrăm,enter
brian,brian
mânca,eat
televizor,TV
nasul,nose
team,fear
modul,module
barca,Boat
încântat,Pleased
beat,drunk
liberă,free
neagră,black
cind,WHEN
vorbiţi,do you speak
curaj,Courage
ordin,order
ceri,ask
soare,sun
trist,sad
politia,the police
oferi,offer
anna,Anna
bogat,rich
washington,Washington
pete,spots
apartament,apartment
praf,dust
vineri,Friday
martin,Martini
verificat,verifier
atins,reached
urmărit,followed
fotbal,football
walter,walter
descurci,deal
lovitură,coup
zonă,area
treacă,passing
liniştit,quiet
tren,train
totusi,however
vorbind,speech
pierdem,lose
lasat,dropped off
armată,army
r,R
condus,driving
porc,pig
pregătiţi,prepared
culcare,sleep
poată,can
păr,hair
permis,allowed
kate,kate
patul,the bed
venim,come
dave,give
intelegi,understand
by,by
milă,mercy
uimitor,amazing
gheaţă,ice
şef,head
şefu,governor
căutăm,we are looking for
adio,Farewell
dră,DRA
reusit,successful
fantastic,fantastic
întuneric,darkness
arătat,showed
kevin,kevin
foloseşti,use
dur,rough
plânge,cry
vai,Oh my
arate,plowing
realitate,reality
dificil,difficult
carl,carl
matt,Matta
oraşului,city
cumpăr,I buy
rugăm,Please
istoria,the history
anglia,England
ocazia,opportunity
arunca,THROW
motive,reason
întrebam,wondering
zeu,god
înaintea,prior to
aranjat,trim
acestor,these
sistem,system
treia,third
înnebunit,mad
miss,Miss
ridica,pick up
şansa,chance
oricând,whenever
durerea,pain
andy,andy
urgenţă,expedite
găsească,FIND
ridicat,picked up
ocupa,busy
necazuri,trouble
vizită,visit
corp,body
albă,white
costum,costume
foloseşte,uses
bărbatul,man
gunoi,trash
vroia,wanted
flori,FLORA
încolo,away
anii,years
verific,CHECK
visul,the dream
bord,board
ofer,I offer
astazi,today
bag,bag
dragut,cute
culcat,lying down
locuiesc,I live
astia,these
sansa,chance
poze,PICTURES
me,me
stiut,know
scenă,scene
înţelegere,understanding
bancă,the bank
ambele,both
parca,park
rock,rock
catre,by
linie,line
securitate,security
rezolva,solve
nopţii,night
tinere,young man
scăpa,get rid
deştept,smart
istorie,history
rele,bad
continui,continue
scrii,write
lapte,milk
aşadar,therefore
distracţie,fun
dovezi,evidence
zilei,day
roma,Rome
aflăm,are
privinţa,regard
înveţi,learn
pielea,skin
tie,to you
suport,support
oricare,either one
fred,cold
importante,important
întrebarea,the question
dan,yes
bază,the base
situaţie,situation
priviţi,look
u,u
vândut,sold
merci,thanks
scapi,Lose
poză,picture
vara,summer
restaurant,restaurant
interesat,interested
biserica,the church
acei,those
datorită,due to
costă,cost
proces,trial
luptat,FOUGHT
culoare,color
crima,crime
calul,the horse
chef,binge
făceam,doing
dumneavoastra,your
detectiv,detective
scumpule,deary
pariez,pariah
peşte,over
secrete,secret
creierul,brains
gresit,wrong
bănuiesc,I presume
langa,Besides
calm,calm
gust,taste
puştiule,kid
arthur,arthur
nebuni,crazy
iisus,Jesus
autobuz,bus
biserică,the church
rămână,stay
apreciez,I appreciate
nevasta,wife
nuntă,Wedding
cai,repent
făcută,made
programul,program
lucy,lucy
alţi,other
amin,Amen
cinste,honor
insula,the island
tânără,girl
cutia,box
aducă,bring
regret,regret
william,William
fericire,happiness
nervos,nervous
ucid,killing
gandit,thought
veniti,coming
liceu,high school
poza,picture
extraordinar,extraordinary
durează,takes
gratis,gratis
ordinele,the orders
uităm,look
cumperi,buy
scena,scene
primeşti,you get
annie,annie
sotul,husband
curtea,court
sticlă,glass
pâna,until
degrabă,rather
reuşi,SUCCEED
afle,learn
lasi,leave
lovitura,coup
bucătărie,kitchen
poliţiei,police
magazinul,shop
tăiat,cut
mâncăm,eat
geanta,bag
băutură,drink
omoară,killing
prânz,Lunch
cauză,Cause
taie,cut
rezolvat,solved
claire,CLAIR
misca,move
seamănă,resembles
scoatem,out
stati,stay
implicat,involved
post,post
sune,sound
pădure,forest
generalul,General
conform,conformable
nivelul,the
arunc,throw
mesajul,the message
termini,finish
lisa,Lisa
gasi,find
uiti,look
planeta,the planet
aiurea,elsewhere
sărut,kiss
devii,become
lipseşte,missing
conteaza,counts
aude,hears
ed,ed
cate,each
anumite,some
cântă,sing
opreşti,stop
bilet,ticket
ocupi,deal
bătrânul,the old man
baţi,Bati
california,California
aparţine,belongs
tii,know
întâlni,meet
teme,themes
ridică,pick up
viteza,speed
ultimii,recent
albastru,blue
acelea,those
astept,expect
tin,I hold
norocul,luck
arati,show
creadă,think
iubita,girlfriend
realizat,accomplished
extrem,extremely
revenit,return
arat,plowing
baiat,boy
purtat,worn
tineri,young people
ciudată,weird
discutat,discussed
bagi,put
înţelegeţi,understand
ticălos,villain
cinstit,honest
ţină,take
adevarul,truth
contact,contact
adânc,deep
simon,simon
deschid,open
vârstă,age
speram,hope
păcate,Unfortunately
generale,generous
numarul,number
spuneai,say
căuta,search for
accept,I accept
aeroport,airport
k,k
acţiune,action
cărţile,books
priveste,look
specială,special
accepta,accept
destule,enough
terminăm,done
f,f
plăteşti,You pay
daniel,daniel
creşte,grow
practic,practically
joey,joey
închid,close
arde,burn
bucată,piece
miezul,middle
chicago,chicago
trupul,body
cauta,search for
domnişoara,GIRL
neregulă,wrong
gât,neck
descurcat,done
soră,sister
baby,baby
pornit,on
întreg,whole
centru,center
poziţia,the position
atacat,attacked
găseşte,find
inteligent,intelligent
avocatul,lawyer
puncte,puncture
învăţ,learn
program,time schedule
sari,jump up
nas,nose
departamentul,department
incercat,tried
grav,serious
pistol,pistol
lupte,battles
spectacolul,show
sexy,sexy
sabia,kill with a sword
pară,pear
cheama,call
scoţi,out
iesit,out
obişnuit,normal
întreba,ask
video,video
regelui,King
vada,will give
ascultat,listened
sută,hundred
pregătită,ready
rolul,the role
râs,laugh
date,data
planuri,plans
amintesti,remember
apucat,started
cuminte,good
scap,shake
atentie,Careful
my,my
cântec,song
deoparte,aside
minune,marvel
los,los
construit,built
jason,jason
cânta,sing
pereche,pair
căpitan,captain
incearca,try
chema,call
doarme,sleeps
secretul,the secret
îngrozitor,terrible
blocat,stuck
colonele,the colonel
gâtul,neck
ho,oh
test,test
intorc,return
alice,shot
sua,US
supărată,angry
visele,dreams
sat,village
maestre,masters
aceia,those
big,big
interior,inside
întoarcă,return
sine,itself
ieşiţi,exit
atenţia,Caution
domn,gentleman
mint,lie
inauntru,in
ars,burnt
profesorul,teacher
slab,weak
schimbare,change
americani,American
ramas,remaining
doreşte,wants
distanţă,distance
locuieşte,lives
sperie,hope
repet,repeat
zicem,say
phil,Phil
van,vain
rochia,dress
pantalonii,pants
crime,crimes
forma,form
soţ,husband
totii,all
amândouă,both
altele,more
trageţi,PULL
forţa,force
grade,degrees
privesc,I'm watching
scopul,the goal
curent,current
membru,member
scott,scott
locotenente,lieutenants
vremuri,time
pricep,good
raportul,the report
ceilalti,the others
dumneata,you
gasesc,I find
încercam,we try
îndoială,doubt
degetul,finger
surprins,surprised
preţ,price
căsătorie,marriage
îngrijorat,anxious
mijloc,middle
starea,mood
vând,I sell
spart,broken
obţine,Achieve
cadavrul,body
listă,list
voastra,your
vedeti,you see
haina,coat
pizza,the pizza
explica,explain
părerea,opinion
cunosti,know
no,no
perioadă,period
puneţi,place
decizia,Decision
animalele,animals
poliţişti,police
lipsit,absent
lipsa,lack
fbi,fbi
arunci,throw
rose,redness
impresia,the impression
joace,plays
louis,Louis
spaţiu,space-bar
director,director
prefer,I prefer
lungul,over
intoarce,turn
jumatate,half
monstru,monster
citeşti,read
răspund,answer
roy,roy
smith,smith
piele,skin
omului,human
semnalul,signal
opriţi,forbidden
schimbi,CHANGE
mirosul,the smell
învăţa,learn
folosim,we use
wow,wow
bineinteles,of course
acceptat,accepted
începutul,early
stilul,style
bomba,bomb
descurca,disentangle
camion,truck
aducem,bring
copac,tree
ryan,ryan
sperii,scare
refer,mean
um,um
intors,returned
rachel,Rachelle
oribil,horrible
partenerul,partner
pardon,sorry
cursa,race
scrisoarea,letter
aceştia,these
stăpâne,master
incredere,trust
visat,dream
discuta,talk
glumesc,kidding
teama,the fear
întreagă,full
căci,for
soarta,fate
amy,Amy
naştere,birth
tipule,dude
lea,th
şefule,governor
oficial,official
comun,common
libertate,freedom
înteleg,understand
dansezi,you dance
având,With
roger,Roger
folos,use
bară,bar
europa,Europe
apel,call
salvez,i save
lar,And
demult,recently
spiritul,the spirit
miros,smell
man,hand
on,Mr
cursă,race
rai,heaven
celui,the
voce,voice
câştig,I earn
reprezintă,represents
jeff,jeff
ura,hatred
sase,six
locotenent,lieutenant
concediat,fired
onoarea,honor
g,Mr
contra,versus
întreabă,asks
fiului,the son
subiect,topic
nivel,level
prindem,catch
înca,yet
scaun,seat
fericiţi,happy
iubi,love
înteles,meaning
decizie,decision
incepe,you start
lege,law
kelly,Kelly
victor,Victor
urmele,footsteps
colonel,colonel
fiti,be
binele,the good
afacerile,the businesses
martor,BLANK
vacanţă,holidays
inelul,the ring
acces,accession
principal,main
liniste,Quiet
piatră,Stone
razboi,war
idei,ideas
placi,boards
deschisă,Open
marfa,goods
puşti,kid
jenny,Jenny
pisica,the cat
serviciul,service
trăim,live
termine,complete
anne,Anne
plajă,Beach
luke,luke
raport,report
relaţie,relationship
ted,ted
navă,vessel
autobuzul,the bus
locurile,seats
implor,beg
ciudate,BIZARRE
camere,rooms
coboară,get down
responsabil,responsive
cumpăra,buy
prostiile,crap
pantofii,shoes
ooh,oh
cândva,sometime
transformat,transformed
howard,Howard
saptamana,week
ticălosule,motherfucker
oi,sheep
hârtie,paper
st,St
piatra,Stone
bombă,bomb
momente,moments
umană,humanity
eliberat,ISSUED
barcă,Boat
etajul,floor
intreb,I'm asking
podea,floor
ascunzi,hide
plăcerea,the pleasure
perioada,period
rămânem,stay
însărcinată,pregnant
credeai,thought
destinul,destiny
preot,priest
rezista,resist
cânt,edge
înalt,high
suferit,suffered
creier,brain
v,V
alegi,choose
excepţia,except
citi,read
uitam,watching
întregi,complete
luati,take
cod,code
ucidă,killing
valoare,value
oprească,stop
fereastră,window
mătuşa,aunt
vieţile,creature
prefera,prefer
china,China
razna,run wild
soldaţi,soldiers
căutaţi,searching for
speranţă,the hope
câştigi,win
ordinul,the order
impotriva,against
directorul,the principal
făcute,made
pantaloni,pants
deranjez,bother
prezent,present
permisiunea,permission
domnisoara,girl
ştiri,news
măi,May
jocuri,Games
credeti,think
respiră,just breathe
costa,cost
city,city
ocazie,occasion
gandesc,I think
placere,pleasure
placut,pleasant
judecător,judge
bucuros,happy
jackson,jackson
risc,risk
lire,£
roşie,Red
cariera,career
atingi,touching
semnat,signed
poporul,people
ucizi,you kill
măsură,measure
ocupă,busy
preţul,price
existat,there
costumul,suit
apar,appear
curajul,the courage
zău,really
brad,fir
plângi,cry
nevinovat,innocent
reală,THE REAL
model,model
geniu,genius
angeles,angels
frankie,FRANK
experienţă,the experience
timpului,time
părăsi,leave
puştiul,kid
clubul,club
priceput,skilled
profesore,teacher
scapă,get rid
baiete,boy
jones,jones
primele,first
perete,wall
schimbe,CHANGE
ţinem,keep
genunchi,knee
antrenor,trainer
eric,eric
multa,more
terry,Terry
merita,deserve
pantofi,Shoes
sean,session
urme,all
engleza,English
petrec,spend
apropiat,near
sara,salt
gras,fatty
clădirea,building
ţineţi,hold
reguli,regularly
credea,thought
incerc,try
aleg,I choose
meciul,match
refuzat,declined
renunţat,given up
piept,chest
trecutul,past
caseta,box
cauti,looking
slavă,glory
câini,dog
orasul,the city
sentimentele,sentiments
sărit,i jump
pricepi,understand
înşelat,deceived
rochie,dress
treilea,third
imagina,imagine
bătrâne,old
referi,refer to
sfarsit,the end
zero,zero
red,ed
cerul,heaven
laborator,laboratory
acesti,these
devină,at fault
calitate,quality
recunoscut,recognized
curand,soon
leo,Leo
agentul,agent
comandă,command
interiorul,within
siguri,safety
stele,stars
fraţii,brothers
sigura,secure
clasă,class
case,houses
spuneti,tell
judecată,judgment
simplă,simplicity
chuck,chuck
murim,die
aerul,the air
curajos,brave
fetiţă,daughter
niciunul,no one
codul,the code
rămâneţi,stay
actele,acts
cunoaştem,know
stabilit,established
numeşti,call
facultate,faculty
înceapă,start
deosebit,particular
cursul,the
urca,get on
ouă,eggs
inventat,Invented
colţ,corner
weekend,weekend
bolnavă,sick
susan,sesame
sfinte,saints
yahoo,yahoo
răi,heaven
degeaba,nothing
hotelul,the hotel
duminică,Sunday
dreaptă,right
postul,the post
urmăresc,follow
făcând,making
natura,the nature
minţile,minds
prostule,fool
aha,Aha
julie,scratch
deranja,bother
fug,fleeing
minciună,lie
dovadă,proof
scaunul,seat
încercaţi,try
satul,the village
africa,Africa
albert,Alberta
ramane,remain
nemaipomenit,unbelievable
that,that
luminile,lights
rick,rick
încercând,trying
adormit,sleepy
pregătesc,prepare
ra,Inquiry
clădire,building
treburile,business
dorinţa,desire
bilete,ticket
drace,deuce
curs,course
anunţ,ad
caute,look
dosarul,file
hitler,hitler
fratelui,the brother
craciun,Christmas
deschizi,open
miere,honey
ziar,newspaper
plâng,cry
libertatea,freedom
yo,yo
rezistă,resist
maior,major
amiaza,noon
alan,alan
client,client
ceas,clock
îndreaptă,in the right
teribil,terrible
prinzi,catch
asteptam,we are waiting
viată,life
fals,fake
mincinos,liar
uau,WOW
dinţi,FLUTE
contract,contract
ghici,guess
diferenţa,the difference
trezesc,awake
săi,his
sport,sports
zgomot,noise
marcus,marcus
molly,molly
nostri,our
harta,Map
râu,bad
tipa,screaming
edward,Edward
asteaptă,Wait
sâmbătă,Saturday
fereastra,window
cunoaşteţi,know
semnal,signal
aceeasi,same
simtit,sense
ªi,And
vegas,vegas
ador,I adore
sticla,glass
ochiul,eye
sperăm,hope
insulă,the island
bagajele,the luggage
vise,dreams
gaură,hole
planurile,plans
munte,Mountain
vorbea,speaking
salveze,save
suporta,support
poliţiştii,cops
întâlnirea,the meeting
faza,phase
isus,Jesus
seful,head
fix,fixed
proaste,WORST
india,India
plătească,pay
copilului,baby
fugă,flight
curte,yard
vas,vessel
verifică,check it out
serioasă,serious
dacã,if
gaura,hole
bunico,Grandma
whoa,whoa
imaginea,picture
doc,dock
strâns,tight
franţa,France
val,wave
teatru,theater
tari,countries
lupt,battle
zbura,fly
nota,note
gândeşte,think
johnson,Johnson
mainile,hands
încotro,where
cheie,key
vântul,the wind
culoarea,color
capătul,end
ferma,the farm
helen,Helena
credit,credit
lovi,hit
apropia,approach
îndrăzneşti,dare
continuăm,we continue
cadavru,corpse
plecati,Out
toaletă,WC
ieşire,exit
jesse,Jess
tribunal,law court
amiază,noon
câştigă,win
vânătoare,hunting
artă,the art
arta,the art
lucrăm,I was working
cartier,neighborhood
fotografie,photo
oferă,offers
privirea,the look
obţinut,obtained
anului,year
caii,horses
încercare,test
însemna,mean
duş,shower
uşoară,easy
umane,humanity
degetele,the fingers
sentiment,feeling
îsi,his
miracol,miracle
karen,karen
vietii,life
stil,style
iubitul,boyfriend
gândim,think
pod,bridge
golf,golf
sfat,advice
bucăţi,in pieces
subs,subs
urgent,urgent
aºa,so
propriile,own
prinţul,the prince
texas,Texas
mut,speechless
respectul,respect
duceţi,take
laura,laurel
parc,Park
katie,katie
detalii,details
colonelul,Colonel
roz,pink
vizita,visit
ciocolată,Chocolate
aceleaşi,same
baiatul,boy
zborul,flight
sally,sally
ascund,HIDING
viteză,speed
reveni,return
germania,Germany
alegere,choice
uman,human
poziţie,position
miliarde,billions
victoria,VICTORIA
urmat,followed
dezastru,disaster
speciale,specious
treaz,awake
dovedit,proven
king,king
cumpere,equilibrium
spitalul,the hospital
străin,foreigner
mănânce,eat
spuna,tell
aiba,have
zboară,fly
politie,police
comandantul,commander
nenorocită,fucking
vinzi,sell
străzi,ROADS
cartierul,neighborhood
serie,series
terminaţi,finished
spirit,spirit
cânţi,play
stăpânul,owner
recunoaşte,recognize
veste,news
subiectul,the subject
ajutăm,help
acoperire,covering
dator,indebted
goală,GOAL
răspunzi,answer
lac,lake
pâine,bread
minciuni,lies
răbdare,patience
colegiu,college
salvezi,save
ministru,minister
lord,lord
discuţie,discussion
bunicule,Grandfather
proteja,protect
statul,State
vechiul,old
aah,ahh
lemn,wood
împinge,push away
kim,who
fotografii,photos
tragă,fire
amintit,recalled
meseria,profession
dispoziţie,mood
vânt,wind
biletul,ticket
wayne,wayne
statelor,Member
prinţesă,princess
omorat,murder
recepţionat,INCOMING
procesul,the trial
găsiţi,find
clark,clark
tâmpit,stupid
închisă,closed
dansez,dance
h,h
ciuda,despite
îmbrăcat,dressed up
oferta,offer
atenţi,CAREFUL
jackie,jack
rezolv,solve
glumeam,joking
aurul,the gold
suc,juice
dublu,double
trecuta,last
ştiinţă,science
planetă,the planet
revin,return
motorul,engine
blestemat,cursed
cade,fall
piesa,piece
pamant,earth
cântecul,the song
rupe,break
distrat,absent
partener,partner
telefoane,telephones
norocoasă,lucky
mondial,world
tim,tim
imagine,picture
ploaie,rain
prezenta,present
elizabeth,Elizabeth
alegerea,election
băga,tuck
apărare,defense
fermă,the farm
câinii,dogs
ridici,up
jucam,play
orb,blind
scop,purpose
fetiţa,girl
renunţi,fold
direcţia,direction
pilot,pilot
păstrez,keep
diavolul,devil
gloria,glory
crimei,murder
presa,the press
dick,dick
is,is
acuzat,accused
intrare,entry
dlui,Mr.
acoperiş,roof
liberi,free
camerele,rooms
existe,there
energia,power
lady,lady
vie,vineyard
apropiere,approach
primii,the first ones
verifica,check it out
controla,control
muncesc,I work
moale,soft
vroiai,wanted
aproximativ,approximate
politica,policy
dam,give
antrenament,training
războiului,war
privind,looking
engleză,English
prânzul,the lunch
salutare,Howdy
echipei,team
inclusiv,inclusive
cafeaua,the coffee
betty,Betty
răni,wound
puternici,stronger
urcat,increased
mexic,Mexico
târfa,slut
mila,mercy
apară,defend
moş,forefather
potrivită,right
brusc,suddenly
grele,heavy
nasol,crappy
kilometri,Kilometres
bruce,bruce
nenorocita,fucking
nemernic,wretch
scump,expensive
legii,laws
grace,Graca
ridic,up
puternice,strong
dovada,proof
vară,summer
zicea,said
marie,increase
fine,end
hank,hank
complicat,complicated
renunţ,quit
căutam,we are looking for
kyle,kyle
taylor,taylor
auzim,hear
neapărat,absolutely
draguta,pretty
adevar,truth
proiectul,the project
soţiei,wives
propriu,own
minge,ball
călătoria,trip
scuzati,excuse
minunate,wonderful
morti,dead
atentă,CAREFUL
soarelui,sun
act,act
ţinta,aim
urmăreşte,follows
importanţă,importance
iertare,forgiveness
cartofi,potatoes
jay,jay
vieţi,creature
îndoiesc,doubt
aminti,to lie
poveşti,fairy tales
plăteşte,pays
simţiţi,feel
cuplu,couple
testul,test
placea,like
scurtă,shorten
forţele,forces
potriveşte,FIT
vreunul,any
privi,look
pământului,earth
sare,salt
râzi,laugh
iubesti,love
intrarea,entry
carter,crankcase
wilson,wilson
pina,up
urasc,I hate
medicamente,drugs
victima,victim
iubim,love
primeşte,Get
gluma,joke
aduceţi,bring
mulţumit,satisfied
capcană,trap
superb,superb
pachet,batch
muncit,worked
însurat,married
ajuti,help
ban,money
buzunar,pocket
memoria,the memory
etaj,floor
iarba,Grass
tina,clay
emily,Emily
curvă,whore
minunata,wonderful
gasim,find
efect,effect
trupele,troops
banda,band
relaţia,the relationship
povestit,narrated
păstra,keep
sunet,sound
hollywood,Hollywood
love,lovee
audă,wet
cazuri,cases
greseala,mistake
romantic,romantic
atâţia,many
gen,gender
preferat,favorite
normală,normal
îngheţată,ice cream
forţă,force
proiect,project
francisco,Francisco
eºti,'re
emma,Emma
talent,talent
pozele,pictures
lou,lou
profesionist,professional
adevărata,TRUE
hong,hong
astepta,wait
pasăre,bird
capitane,captain
roşii,tomatoes
însuşi,himself
sugerez,I suggest
dansează,dancing
prezenţa,present
aştepte,expect
înălţimea,height
grupul,the group
zburat,flown
camionul,truck
decide,decide
interviu,interview
nepotul,nephew
ziarul,newspaper
salvare,salvage
kong,Kong
sexul,the sex
cobor,down
fum,smoke
pînă,up
rup,break
căruia,which
braţe,hands
maggie,Maggie
datorez,I owe
brown,brown
conducere,lead
fantomă,the ghost
alarma,alarm
x,x
aventură,venture
ocupată,occupied
jaf,robbery
cadă,bathtub
joseph,Joseph
barry,barry
iarbă,Grass
benzină,benzine
continuaţi,continue
soluţie,solution
ali,others
citeşte,read
amandoi,both
speriată,scared
go,go
obosită,tired
gary,gary
miller,miller
lunii,of
junior,junior
situatia,the situation
durat,lasted
siguranţa,safety
do,do
simtă,sense
puterile,powers
furtuna,the storm
maestrul,master
uscat,dry
linda,LIND
voiai,wanted
şanse,odds
lupţi,FIGHTING
majestate,Majesty
josh,Joshua
întâlneşti,meet
bucurie,joy
medic,doctor
porneşte,STARTS
julia,scratch
negri,blacks
gelos,jealous
disparut,missing
luptăm,fight
condamnat,convict
renunţa,Give up
terenul,land
soldaţii,soldiers
mancare,food
iarăşi,again
kg,kg
interzis,forbidden
trimitem,send
ureche,ear
boala,disease
vechea,old
proasta,stupid
pierdere,loss
privit,viewed
scrisori,writing
lungi,lengthen
respira,just breathe
pedeapsa,punishment
ordonat,orderly
învaţă,learn
dumitale,your
obligat,bound
lewis,lewis
actor,actor
locuieşti,live
ating,touching
mina,mine
avertizez,I warn
curată,cleanse
legal,legal
loveşte,strikes
du,Go
carnea,the meat
rol,role
your,your
ilegal,illegal
local,local
recent,recently
transforma,transform
băieti,boyish
gand,thinking
permit,allow
proprietatea,property
morgan,Morgan
plecare,departure
sunetul,sound
mmm,hmm
primim,we get
scoată,out
chestiune,thing
următoare,following
marty,Marty
we,we
oara,time
ţigară,cigarette
stan,fold
prindă,catch
clientul,customer
legate,bound
companiei,company
floare,flower
suspect,suspect
supravieţui,survive
vestea,news
ghinion,bad luck
secretă,secrete
natural,natural
gandesti,think
pietre,stones
cancer,cancer
cumpărături,shopping
street,street
raymond,Raymond
produs,product
înger,Angel
împrumut,loan
amabil,CONSIDERATE
fostul,former
mac,Mac
bal,prom
zahăr,sugar
întregul,full
sentimente,feeling
statele,Member
pisică,the cat
schimbul,exchange
lovesc,hit
transport,Transport
degete,inch
all,all
îngrijora,worry
bătrână,old
supravieţuit,survival
dezgustător,disgusting
joi,Thursday
drepturile,rights
filmele,the movies
teoria,theory
toaleta,WC
marfă,goods
prinţesa,princess
fugiţi,flee
fericita,happy
florile,flowers
internet,Internet
tratat,treat
hoţ,thief
imaginez,picture
negre,Negros
albi,bleach
cresc,grow
baut,drinking
altii,others
capabil,able
pline,full
surpriza,surprise
baseball,base-ball
mergeti,go
treburi,thing
cît,how
pălăria,hat
treceţi,switch
conta,count
joaca,play
armatei,army
puşcărie,gaol
west,west
braţele,arms
lucreze,working
ticălosul,villain
asteptati,wait
puteau,could
aparatul,device
willie,willie
importanta,importance
invatat,learned
dezamăgit,disappointed
urăşte,hates
presupune,assume
păstrează,keep
americanii,Americans
patrick,patrick
fraţi,brethren
poarte,wear
întâmplare,event
păstrezi,keep
loveşti,hit
brânză,cheese
angela,Angela
cadavre,bodies
star,standing
baia,the bathroom
drogat,drugged
căţea,female dog
deranjat,upset
contractul,the contract
curios,curious
personale,staff
intreaga,around
echipamentul,equipment
merit,I deserve
deschideţi,Open
ocean,ocean
murdar,dirty
nisip,sand
fire,nature
destui,enough
semnul,the sign
deocamdată,for the time being
următoarele,next
iubeste,loves
dorinţă,desire
guvern,government
crăciunul,Christmas
comandat,ordered
mizerie,mess
distrezi,fun
atata,so
bietul,poor
paza,watch
reuşesc,fail
cuţit,knife
zilnic,daily
şerif,sheriff
responsabilitatea,the responsibility
opreste,stops
firma,Company
evreu,Jew
interesantă,interest
baietii,boys
astepti,wait
întelegi,understand
recunoşti,recognize
beth,beth
femeilor,woman
considerat,considered
vasul,vessel
discut,discuss
părăsesc,leave
parintii,the parents
victorie,victory
plictisitor,boring
valorează,WORTH
secunda,second
primar,primary
informatii,information
suferi,suffer
aparat,apparatus
proprietarul,owner
vincent,vincent
bucata,piece
şampanie,champagne
intalnit,meeting
intai,first
gasesti,find
serviciile,services
inel,ring
unitatea,unity
dovedi,prove
explozie,explosion
auziţi,hear
sursa,source
trezi,wake up
altora,others
dati,give
jucător,player
plâns,weeping
multime,lot
fir,thread
învins,defeated
tragem,draw
deodată,suddenly
familii,families
militar,military
părţi,part
învinge,defeat
maiestate,majesty
doug,Dougal
ataca,attack
mişcaţi,move
greg,Gregor
dispară,disappear
stupid,stupid
râde,laugh
priveşti,look
indian,Indian
piesă,piece
pescuit,fishing
pregatit,prepared
minti,lying
doriti,want
copaci,trees
stanley,Stanley
sos,S.O.S
magie,magic
cuţitul,knife
hol,hall
încheiat,ended
vince,vince
tabăra,camp
gândurile,thoughts
turnul,the tower
seamă,account
îndată,soon
plata,the payment
nostim,funny
numi,call
impresionant,impressive
sire,sire
adevăratul,real
mearga,go
căsători,marry
fato,girl
gordon,gordon
maşinile,cars
premiul,prize
rusia,Russia
ofertă,offer
căutarea,the quest
comandant,commander
pacea,the peace
confortabil,comfortable
sfânt,saint
liniştită,calm
gay,gay
protecţie,protection
datorezi,owe
oricât,however
jacob,jacob
artist,artist
mickey,mickey
diferită,different
roman,Romanian
politică,policy
cole,Articles
miami,miami
sală,Hall
eroul,hero
urc,I go up
traducere,translation
scriitor,Writer
ieftin,cheap
goale,blank
rar,rare
steven,steven
dureze,take
campion,champion
ţintă,aim
ziare,newspapers
credinţa,faith
catherine,catherine
venind,coming
urechi,ear
personală,staff
venea,coming
fericirea,happiness
eraţi,erratic
politist,policeman
retras,retired
cerem,ask
mândră,pride
semne,mark
categoric,categorical
urile,sites
apărarea,Protection
distrugă,destruction
copie,copy
glonţ,bullet
park,parka
curva,whore
câtă,how much
vinul,the wine
uitati,Remember
ochelarii,spectacles
sammy,sammy
făceai,doing
sănătos,healthy
andrew,andrew
datorie,debt
consiliul,council
eh,huh
zid,wall
despărţit,split up
senator,senator
miles,miles
tyler,Tyler
sentimentul,the feeling
dolar,dollar
adunat,collected
for,forum
păcălit,tricked
promiţi,promise
japonia,Japan
aminteşte,remember
jumate,half
comoara,treasure
rocky,rocky
dinainte,beforehand
mişti,consume
mulţumită,thanks to
băutura,drink
vã,yourself
gloanţe,bullets
hartă,Map
inimii,heart
culci,sleep
hello,Hello
maxim,maximum
oscar,oscar
acte,acts
avere,wealth
jocurile,games
articol,article
boală,disease
dansul,the dance
uciderea,the killing
meriţi,you deserve
cur,ass
harold,Harold
imaginat,figured
amintiri,memories
tristă,sad
coşmar,nightmare
hm,ahem
urâtă,ugly
rezolvăm,solve
dispus,willing
alcool,alcohol
urs,bear
trimită,MAIL
studiat,studied
robin,robin
adevarata,TRUE
ridice,up
americane,US
staţia,the station
statului,State
răul,the river
fiicei,girl
apropii,close
braţul,arm
martori,witnesses
arunce,throw
înţelegem,we understand
furios,furious
arătăm,show
trimiţi,send
boston,Boston
avertizat,ADVISED
italia,Italy
intrebat,questioned
rapidă,rapid
podul,the bridge
furtună,the storm
încrederea,trust
gândul,thought
scăpăm,escape
stătea,sat
presedinte,chairman
carol,Carola
desi,although
domeniul,the
iulie,July
muta,move
jean,jeans
tratament,treatment
rosie,Red
sapte,seven
parcare,parking
culc,bed
placa,plate
fugim,run
căsătoriţi,married
spunând,saying
supăra,offend
pază,watch
şeriful,sheriff
bogaţi,wealth
atacul,attack
misto,cool
doresti,want
realitatea,the reality
întârziere,delay
fabrica,works
probe,samples
victime,casualty
părinţilor,fathers
cad,I'm falling
trai,live
harvey,harvey
septembrie,September
incendiu,fire
întârzii,late
modă,fashion
petreci,party
muntele,mountain
coasta,the coast
show,show
dormitor,bedroom
omorâm,kill
datele,data
transmite,transmit
norman,norman
eveniment,event
sol,ground
furi,stealing
rezultatele,results
rata,the duck
tâmpitule,asshole
evrei,Hebrew
tracy,Tracy
schimbăm,change
deşert,desert
concurs,COMPETITION
valea,Valley
termen,term
adevărate,real
florida,Florida
voştri,your
nebuna,crazy
ron,ron
castel,castle
deasemenea,also
nancy,nancy
margaret,daisy
albe,whites
accepţi,accept
caine,dog
păstrat,reserved
buzele,lips
refuz,refusal
răpit,ravished
jurat,juror
focuri,shots
căcat,shit
încântată,delighted
mobil,mobile
sănătate,health
spălat,washed
explici,explain
sîntem,we are
conducerea,leadership
greşită,wrong
împuşc,shoot
so,it
regină,Queen
servesc,serve
urechile,ear
fier,iron
avioane,aircraft
uşile,the doors
imagini,images
contul,the account
cenţi,cents
stomacul,the stomach
diferenţă,the difference
presiune,pressure
declarat,declared
bond,bond
rusine,shame
criminalul,the killer
câmp,field
înşeli,wrong
cântat,singing
jefuit,robbery
subtitrarea,subtitle
asigurare,insurance
îngropat,buried
asteptat,expect
oase,bones
credinţă,faith
emisiunea,show
earl,earl
supraveghere,surveillance
deget,finger
homosexual,homosexual
scuză,excuse
publice,publicly
magic,Magic
sezonul,season
bată,bat
jonathan,jonathan
fetei,girl
bucura,joy
cealalta,other
guvernului,governor
reuşeşti,succeed
coada,pigtail
vărul,the cousin
posibilitatea,possibility
înţelegerea,the understanding
dinţii,teeth
colo,there
nimerit,fit
membrii,members
dorinta,desire
trădat,betrayed
vânzare,sale
sinucis,suicide
ronnie,Ronnie
he,huh
distrugi,destruction
fusese,was
asigura,ensure
williams,williams
scări,SCALES
iarna,Winter
conducă,lead
porti,gates
ann,ann
virus,virus
strica,hurt
mediu,environment
obiect,object
soţului,husband
micuţa,small
white,white
gus,taste
expert,expert
părintele,Fr.
umple,fill
asculte,listen
carlos,CARL
fructe,fruits
fu,was
vârful,top
universul,the universe
dureri,pain
geam,window
motor,motor
fraier,sucker
idiotul,idiot
glumesti,You're kidding
sophie,Sophos
duminica,Sunday
predau,teach
simţeam,feeling
hot,thief
incerci,try
invers,inverse
fan,hay
pornim,start
şoară,Miss
parul,the hair
made,made
medicală,HEALTHCARE
abandonat,abandoned
doream,wanted
clienţii,the customers
ziceţi,say
apropiaţi,close-knit
gramada,heap
plouă,It's raining
stia,knew
tabără,camp
what,what
caldă,hot
folosească,Avail
ricky,ricky
profit,advantage
cânte,quantity
miercuri,Wednesday
adăpost,shelter
cia,cia
retrag,withdraw
michelle,MICHEL
inamicul,enemy
opera,Opera
frumuseţe,beauty
state,Member
ierta,forgive
gandeam,thinking
batem,fight
nascut,born
însumi,myself
parker,parker
urmezi,CHOOSE
sinucidere,suicide
fiică,daughter
crea,create
oglindă,the mirror
amicul,the friend
sfatul,counsel
părinţi,parents
up,up
w,w
limita,limit
lecţie,lesson
orele,hours
moscova,Moscow
explicat,explicitly
casele,houses
puteri,power
ţigări,cigarettes
cit,how
zăpadă,the snow
bagă,sticks
german,German
familiile,the families
lipsesc,missing
fumezi,you smoke
dennis,dennis
îngrijorată,worried
convine,AGREES
frumoşi,beautiful
drogurile,drugs
părăseşti,leave
canapea,sofa
vorbe,talk
fosta,former
plată,the payment
râd,laugh
rezultatul,the outcome
ranit,injured
genial,brilliant
gaz,gas
cec,check
doctorii,the doctors
papa,bye bye
cowboy,cowboy
filmat,recorded
piaţă,market
martha,Martha
mireasa,Bride
ghicesc,guess
porcărie,carrion
traiesc,I'm alive
astă,to stay
multumim,thank you
august,August
căsătoria,the marriage
ucişi,KILLED
jamie,jamie
impresionat,impressed
cazut,fell
distrug,destruction
trafic,traffic
trezeşti,wake up
asistenta,assistance
elicopter,helicopter
sete,thirst
argint,silver
sabie,sword
marginea,the edge
central,central
rob,slave
dansa,dance
numere,numeral
cădea,fall
greşeala,mistake
centura,belt
jennifer,jennifer
glume,jesting
cerc,circle
numerele,the numbers
şerifule,sheriff
râul,the river
criminali,criminals
grant,grant
proaspăt,fresh
povesti,fairy tales
lucrurilor,things
relaţii,relations
fura,steal
îndeajuns,enough
univers,universe
urmăreşti,follow
stiai,Know
descoperi,discover
ntâmplă,going
grădină,garden
garaj,garage
pagina,page
scapa,get rid
marţi,Tuesday
ucigaş,killer
criză,crisis
distrăm,fun
ceară,wax
antrenorul,coach
naţională,Nation
intrebare,question
poporului,people
dansăm,we Dance
pipi,pee
comandante,commander
mărimea,size
tatalui,father's
albastră,cornflower
fumez,smoking
harris,harris
sar,jump
computer,computer
saptamani,wEEKLY
creaturi,creatures
excursie,trip
atrage,attract
paşi,steps
arătaţi,show
one,one
teddy,teddy
barbara,barbara
raspunde,reply
incat,that
grăbim,hurry
scula,rise
periculoasă,dangerous
obişnuită,ORDINARY
plaja,Beach
francez,French
sonny,sonny
ocupăm,deal
can,can
mesaje,posts
major,major
little,little
presă,the press
prietenului,friend
delicios,delicious
americană,american
crească,grow
black,black
nevoia,the need
student,student
teritoriul,territory
articolul,the article
confuz,confused
operaţie,operation
homo,fag
modalitate,method
bunul,good
prietenilor,friends
speranţa,the hope
eva,Eve
profund,deep
lup,wolf
gânduri,thoughts
altcuiva,to another
societate,society
certat,fight
însemne,mean
detectivul,Detective
aruncăm,take
deşteaptă,clever
desert,desert
stând,stand
ziarele,newspapers
fantome,ghosts
negrii,blacks
nemernicule,you bastard
pacient,patient
octombrie,October
fumat,smoking
ou,egg
daisy,daisies
charlotte,charlotte
penny,penny
lumi,worlds
informaţiile,information
mătuşă,aunt
sări,jump up
revăd,revisit
urăşti,hate
castigat,WON
sotie,wife
publicul,the audience
pasul,up
randy,randy
principală,main
aaron,aaron
sărutat,kissing
câştige,win
garda,guard
piaţa,market
sac,bag
pasiune,passion
lt,Lt
buddy,buddy
palma,palm
suprafaţă,surface
costat,cost
nina,nina
temperatura,temperature
vietnam,Vietnam
acoperit,covered
legi,laws
amanda,amanda
vic,vic
închisoarea,prison
moara,mill
stone,stone
cadoul,present
nave,ships
prostesc,silly
sânii,luge
dog,dog
negativ,negative
scandal,scandal
presedintele,President
produce,produce
apărea,appear
stam,stay
ellen,Ellen
groază,horror
ian,January
mitch,Mitcham
curse,course
fetiţo,girl
bombe,BOMBS
ritmul,the beat
mărit,increased
laş,coward
incet,slow
masca,the mask
înveţe,learn
mutăm,move
corectă,correct
spania,Spain
sange,blood
încetaţi,slowly
judecătorul,the judge
nathan,nathan
începând,starting up
celalalt,the other one
fiinţă,living being
umbra,The Shadow
poftiţi,here you are
atras,attracted
prizonieri,prisoners
urmare,result
finală,the final
întins,stretched out
vremurile,days
be,drink
americii,America
prosti,fool
santa,ditch
continuat,continuity
stelele,the stars
dulap,wardrobe
rezervă,book
mister,mystery
aranjez,fix
excelentă,excellency
mizeria,the mess
distrusă,destroyed
considerare,account
out,out
ameninţare,threat
avans,advance
ajutoare,aid
universitatea,university
FALSE,FALSE
bush,bush
di,di
porcăria,mess
incercam,we try
ploaia,rain
von,will
preajmă,neighborhood
înţeleagă,understand
pauza,pause
pian,piano
incerca,try
discurs,speech
securitatea,security
anthony,anthony
asculti,listen
ned,nc
ceruri,heaven
whisky,whiskey
mandat,mandate
jersey,jersey
efort,effort
scuzi,excuse
şofer,driver
amintiţi,remember
îndrăgostită,in love
revista,magazine
urmări,follow
þi,have your
fotografia,the picture
inchis,closed
dormitorul,bedroom
neil,neil
cererea,application
combustibil,combustible
raspuns,answer
jo,OJ
masină,car
colegii,colleagues
rita,rita
lucreaza,work
prizonier,prisoner
stăteam,sat
visez,dream
cerere,application
nenorociţi,afflicted
dorim,we want
greşeli,mistakes
frumuseţea,the beauty
buck,buck
restaurantul,restaurant
boy,boy
urci,climb
provocat,provoked
russell,Russell
ascultati,listen
metal,metal
forta,force
portofelul,wallet
fantoma,the ghost
careva,anyone
vorbeasca,speak
davis,davis
wong,wong
ruga,pray
fure,steal
păstrăm,We keep
inchisoare,prison
aranja,arrange
atît,both
ken,ken
repar,fix
începeţi,start
cabina,cabin
intalnire,meeting
cercetare,research
teste,test
servici,work
acoperi,cover
platit,paid
scrisorile,letters
ştirile,the news
pierderea,the loss
detaliile,the details
protejez,protect
interesul,the interest
salvăm,save
înaltă,tall
porno,porn
maşinii,car
dispare,disappear
intorci,return
gustul,the taste
sandy,sandy
zbori,fly
puţine,few
strici,mess
berlin,Berlin
zboare,fly
teorie,theory
barul,bar
surori,sisters
bicicleta,bicycle
locuit,inhabited
cumpără,buy
refuza,refuse
castelul,castle
televiziune,television
vârf,peak
capete,heads
munţi,mountains
frigider,refrigerator
derek,derek
dean,dean
recepţie,reception
recunoscător,grateful
faptele,the facts
închizi,close
străini,foreign
locului,place
cadouri,Gifts
victimă,victim
conversaţie,conversation
panică,panic
oarecare,some
sparg,break
vouă,you
dragostei,love
probă,sample
inspector,inspector
robot,robot
completă,fill
intenţionat,intentional
iert,forgive
tatei,father
rătăcit,wandering
rosu,Red
uimitoare,amazing
mm,MM
suparat,upset
ulei,oil
doamnei,Mrs.
durut,hurt
niciuna,none
scoală,school
lovituri,hits
felicitari,congratulations
ramai,stay
obişnuia,used
angel,Angeli
concert,concert
copile,kid
canalul,channel
ohh,ohhh
depozit,deposit
declaraţie,statement
tema,theme
lunga,long
iesim,get out
sărbătorim,celebrate
elibera,ISSUE
mergeam,I went
inutil,useless
bud,buds
abby,abby
vederea,view
informaţie,information
franceză,French
pacat,sin
benny,benny
francis,francis
ajutaţi,help
obişnuiam,I used
sergentul,Sergeant
chip,way
marina,marine
insa,but
dificilă,difficult
preajma,neighborhood
înregistrat,recorded
pregăteşte,prepares
lucram,I was working
iata,there it is
chipul,image
slabă,LOW
cărui,which
mason,freemason
coborât,down
întoarcere,return
plastic,plastic
omorâţi,killed
indiciu,indication
necesare,needed
particular,private
dintotdeauna,always
temi,fear
ziceai,you said
tinut,kept
vecinii,neighbours
ocupe,deal
zack,zack
unt,butter
intereseaza,interested
sensibil,sensitive
drumului,road
condu,conduct
lansare,release
sfârsit,the end
mărturie,witness
propun,I propose
medical,medical
împuşti,shoot
cavaler,Knight
mergea,walking
cacat,shit
înmormântare,funeral
creierii,brains
prezentat,present
mirare,wonder
suferă,suffer
efectul,the effect
răzbunare,revenge
faimos,famous
stephen,Stephen
oliver,oliver
echipajul,the crew
fraiere,sucker
făceau,did
legile,the laws
numeste,called
dosar,folder
proşti,stupid
truc,trick
păpuşă,doll
ofiter,officer
ouăle,eggs
drumu,ahead
reale,REAL
comis,committed
mormânt,grave
barbati,Barbie
bunã,Hi
verificăm,check
ştiau,knew
mail,mail
spuneau,said
căsătorim,married
servi,serve
ocupaţi,Occupy
unuia,a
grădina,garden
supăraţi,angry
vrăjitoare,witch
străzile,streets
ross,ROSSI
mişcăm,move
inspectore,inspectors
membri,States
bisericii,church
coincidenţă,coincidence
bineînteles,of course
aprinde,catch
instanţă,instance
dragon,dragon
zeii,gods
căsătoresc,married
alaturi,with
cativa,a few
putina,some
uriaş,huge
sexual,sexual
ultimă,latest
decembrie,December
coadă,pigtail
invit,invite
binecuvânteze,BLESS
întîmplat,happened
scapat,got rid
ivan,ivan
maestru,master
puiule,baby
primarul,Mayor
militară,military
spion,spy
beţi,drink
ceaiul,the tea
dragi,Dear
avertisment,warning
speria,scare
tânărul,younger
onorată,honored
intelege,understand
piardă,lose
judecata,judgment
crimele,crimes
ras,laugh
cunoscută,known
prinţ,prince
nopţi,nights
subtitrare,subtitle
fetita,girl
servit,serving
lily,lily
aaa,aah
puţini,few
realizezi,realize
feluri,ways
garantez,guarantee
libere,free
inimile,the hearts
aprilie,April
jessica,Jess
întâlniri,meetings
neaţa,Morning
corpului,Corps
apasă,press
verifici,check
dute,Go
gravidă,pregnant
deseară,tonight
chan,Chana
echipament,equipment
plătim,pay
clienţi,customers
sal,shawl
masini,machinery
baftă,good luck
cămaşa,the shirt
piscină,pool
suma,the amount
fut,fuck
ochelari,glasses
susţine,stands up
zgomotul,the noise
maya,Maya
ridicaţi,lift
civil,civil
meritat,merited
uniforma,uniform
aleargă,run
sălbatic,wild
fiindca,because
nenorociţii,motherfuckers
elliot,elliot
apari,appearance
lacrimi,tears
numită,named
nevastă,wife
dispar,disappear
platesc,I pay
gunoiul,trash
sef,head
englez,English
şcolii,school
lasam,leave
intrebari,question
sparge,break
prinşi,trapped
galben,yellow
su,su
comportamentul,Behavior
sarcina,task
sfert,quarter
petrecem,spend
puiul,the chicken
liceul,lice
cunoască,know
fapte,Acts
parteneri,partner
sid,and D
ethan,ethane
plătiţi,Pay
stomac,stomach
presiunea,pressure
noii,new
anderson,anderson
acceptă,accept
forţat,forced
întrebările,questions
şarpe,snake
drag,dear
unitate,unit
iunie,June
atmosfera,atmosphere
zâmbeşte,smile
ră,Miss
intrati,ENTER
majestatea,Majesty
parinte,parent
jurnalul,diary
naturii,nATURE
trecere,pass
palat,Palace
vindem,sell
păsări,birds
matusa,aunt
laboratorul,laboratory
atacă,attack
proprietate,property
protejeze,protect
premiu,prize
discursul,speech
simple,simple
cheltuit,spent
precis,precise
dură,tough
anunţat,announce
nepotrivit,inappropriate
maiorul,Major
dumnezeul,the god
canta,sing
consideră,considerably
renunţă,Give up
sâni,luge
împuşca,shoot
riscul,risk
ofiţerul,officer
titlul,the title
răspunsuri,answers
gândiţi,Think
media,mediate
pădurea,the forest
neobişnuit,unusual
revine,returns
linistit,quiet
z,z
cinema,cinema
chiria,rent
iubirii,love
tunel,tunnel
beton,concrete
lift,elevator
maximă,Maxim
iepure,rabbit
canada,Canada
petrol,oil
cautam,we are looking for
plănuit,planned
bunicii,grandparents
anilor,Anil
hrană,food
nervoasă,angry
fabrică,works
limită,limit
preia,take over
greş,failure
consider,I consider
identitate,identity
stiinta,science
secolul,century
interes,interest
pierre,Pierre
trebuiască,need
motivele,reasons
sensul,the meaning
gheata,ice
lincoln,lincoln
câmpul,the field
sigurantă,safety
încetezi,stop
stâng,left
strânge,tighten
subsol,basement
retrage,withdraw
explicaţie,explanation
luptător,fighter
aruncaţi,discard
houston,Houston
nebunul,crazy
trebuiau,had
deal,hill
donald,donald
ţării,country
primească,receive
aflaţi,find
regatul,kingdom
cinstea,HONOR
salariul,the wage
stanga,Left
repara,repair
bijuterii,jewelry
plina,full
nepoata,niece
samantha,samantha
kung,kung
societatea,the society
ideile,the ideas
cola,coke
verzi,green
guvernator,governor
câştigăm,win
umblat,walked
medicamentele,drugs
moarta,dying
supă,soup
pastile,Tablets
freddy,freddy
destulă,enough
secretele,secrets
necunoscut,unknown
publică,public
nevoit,constrained
limbă,language
aripi,vane
tipului,type
bandă,band
şoc,shock
decit,than
leonard,Leonard
limpede,clear
întoarceţi,return
sue,sue
diferenta,the difference
hal,hal
lipsă,lack
demisia,resignation
capitanul,the captain
rand,row
murdare,dirty
cunoaste,know
aparut,published
curge,flow
considera,considerably
pute,You can
diseara,tonight
zică,say
odihnă,rest
imaginezi,imagine
presupunem,suppose
altuia,another
justin,Justine
împreuna,together
muşcat,bit
staţie,station
bătrâni,old
carieră,career
biletele,the tickets
supa,soup
varsta,age
proba,sample
han,inn
explodat,explode
televizorul,TV
înot,swimming
folosind,use
vesti,proclaim
preşedintelui,President
valoarea,the value
castiga,win
singure,one
curentul,the current
măsura,measure
sexuală,sexed
promisiunea,the promise
construi,build
format,format
apei,water
iadul,hell
bage,stick
diego,diego
încerce,try
material,material
balta,pond
may,may
todd,todd
doctorului,Dr.
apele,waters
cateodata,sometimes
blue,blue
hill,hill
maimuţă,the monkey
drăguţi,cute
stinge,extinguish
ntâmplat,happened
nefericire,misery
federal,federal
momentan,momentary
operaţiunea,operation
hristos,Christ
steaua,the star
deschidem,open
wendy,wendy
privat,private
monstrul,monster
pagină,page
start,start
hector,hector
definitiv,definitive
from,from
cutii,boxes
walker,walker
măritată,married
căsătoreşti,married
leon,LEONE
scara,scale
navei,ship
altundeva,somewhere else
atitudinea,the attitude
shane,Shane
cumparat,bought
orez,rice
aseara,last night
paradis,paradise
alarmă,alarm
tort,cake
liz,Liz
bingo,bingo
convinge,convince
faptului,that
apere,DEFEND
jucaţi,played
peştele,fish
raj,paradise
dispărea,disappear
toast,toast
matthew,matthew
this,this
antrenat,ENTRAINED
micuţul,the little
khan,khan
locotenentul,Lieutenant
larg,large
mintit,lied
lordul,the Lord
psihiatru,psychiatrist
ie,ie
acelui,that
sărbători,celebrate
judy,judy
asasin,assassin
superman,superman
secţie,section
mortii,death
cooper,cooperation
jess,jess
karl,carl
conving,convince
baga,put
seif,safe box
mâncaţi,eat
fizic,physical
drăgut,cute
răniţi,wounded
publicitate,advertisement
rana,wound
greutate,weight
lider,leader
fizică,physics
fură,steal
militare,soldier
memorie,memory
celulă,cell
marte,Mars
parcul,park
strâng,gather
nora,bride
oasele,the bones
comportament,behavior
ciocolata,Chocolate
spăl,washing
ard,burn
pedepsit,grounded
raza,radius
discutam,discuss
frăţioare,brother
cimitir,cemetery
lacul,Lake
nicole,nicole
simpatic,sympathetic
vorbiti,do you speak
ashley,Ashley
bomboane,candy
heather,heather
apropiem,approaching
folosiţi,use
bogată,rich
asigurat,secure
surorile,sisters
medicale,physician
nicky,Nicky
grăbi,hurry
electric,electric
obţin,ACQUIRE
petreceri,parties
cati,how many
decît,THAN
donna,Donn
bautura,drink
pălărie,hat
bucuri,enjoy
capetele,ends
înfricoşător,Frightening
intoarcem,return
punte,deck
şoferul,the driver
standard,standard
liderul,the leader
inchide,hang up
ochilor,eye
incepem,start
holly,holly
richie,Richie
micuţule,shorty
magia,magic
echipe,teams
urechea,ear
radioul,radio
urez,wish
urmez,I follow
buze,lip
totală,total
guvernatorul,governor
opinia,opinion
miscare,motion
ace,needles
înseamna,means
razboiul,the war
terorist,terrorist
deranjeaza,disturb
plictisit,bored
secole,Seco
aterizare,landing
melodia,song
lenny,Lenny
destept,smart
repeta,repeat
grasă,fat
julian,Julian
atit,both
atitudine,attitude
time,time
trupa,the band
rănesc,hurt
vale,valley
geantă,bag
preotul,the priest
ciao,Ciao
sharpe,sharpe
bestia,beast
plăcintă,pie
simţim,feel
acţiunile,action
sectorul,sector
louise,louis
înspre,into
informat,informed
amuzantă,funny
muţi,move
incep,starts
poveştile,stories
pachetul,the package
cuvant,word
ninja,ninjas
umbră,The Shadow
aprins,bright
invata,learn
connie,Connor
know,know
get,get
natură,the nature
trecute,past
amintirile,memories
terapie,therapy
just,fair
naşpa,whack
top,top
italian,Italian
necrezut,unbelievable
canal,Canal
grăbeşti,hurry
car,cart
zvonuri,rumors
diamante,diamonds
experienţa,the experience
şedinţă,meeting
benjamin,benjamin
ascundem,hide
falsă,fake
fain,flour
sfârşi,end
legată,related
unchiului,uncle
închiriat,rent
speranta,the hope
adună,gather
anumit,certain
drăguţe,pretty
adesea,often
parea,sound
rezultate,result
creatura,creature
menţionat,mentioned
dureros,painful
rogi,pray
adaptare,adaptation
depăşit,OVER
urmărim,follow
green,GREENE
celorlalţi,others
amintire,memory
coleg,colleague
travis,travis
ford,Forde
înălţime,height
reputaţia,reputation
reporter,reporter
concursul,contest
ring,ring
belea,trouble
piese,parts
tone,tons
şobolan,rat
însuţi,thyself
vândă,vandal
original,original
nicaieri,nowhere
rugam,Please
iubea,loved
personalul,staff
distrez,fun
avioanele,planes
nori,Cloudiness
altor,other
numim,call
puşcă,rifle
direcţie,direction
ţări,creep
apăra,defend
fericite,HAPPY
legenda,the legend
reţinut,restrained
rude,kin
urmatorul,next
parasit,left
cumpara,buy
surioară,sis
ministrul,Minister
felix,felix
eroare,error
colegi,fellow
brooklyn,brooklyn
shh,shhh
berea,the beer
dobitoc,beast
collins,collins
cristoase,crystal
reparat,FIX
tăia,cut
metodă,method
hannah,hannah
noile,new
flăcări,fire
inamic,enemy
tinerii,young people
hristoase,Christ
chloe,Chloe
kenny,kenny
satelit,satellite
wade,wade
mel,honey
imens,huge
ucisă,murdered
acordat,agreement
absurd,absurd
douăzeci,twentieth
prostul,bad
rănită,wounded
strict,strict
y,y
circ,circus
sclavi,slavery
promisiune,promise
butonul,the button
cuvine,properly
baker,baker
băieţel,little boy
lloyd,lloyd
egoist,selfish
oxigen,oxygen
greutatea,the weight
distra,entertain
cobori,down
vampir,vampire
nemernicul,asshole
povestesc,tell
lance,lance
cazi,Shelves
voluntar,voluntary
celula,cell
marco,marco
dosarele,records
necaz,trouble
salvarea,save
cindy,cindy
clare,clear
lipsi,lack
elicopterul,helicopter
doarmă,sleep
incoace,onwards
evadat,fugitive
ralph,ralph
gina,gina
permiteţi,allow
favoarea,favor
chemi,call
universitate,university
einstein,einstein
zâmbet,smile
emisiune,talk shows
oarecum,somewhat
toby,toby
şansele,chances
casey,casey
surorii,the sisters
munceşti,do you work
amestec,mixture
seth,Seth
lasati,leave
acelei,that
vizitat,visited
incident,incident
creatură,creature
posibilitate,possibility
firmă,Company
mere,apples
lawrence,Lawrence
virginia,virgin
transmit,transmit
capului,head
